{
    "meta":  {
                 "created_at":  "2025-11-28 19:55:06Z",
                 "source":  "combined-batches / manual",
                 "places_count":  422,
                 "note":  "Format B: places (flat array) + states (map). Fill \u0027states\u0027 next."
             },
    "places":  [
                   "Agra",
                   "Ahmedabad",
                   "Ahmednagar",
                   "Aizawl",
                   "Ajmer",
                   "Akola",
                   "Alappuzha",
                   "Aligarh",
                   "Allahabad",
                   "Almora",
                   "Alwar",
                   "Amalapuram",
                   "Ambala",
                   "Ambikapur",
                   "Amravati",
                   "Amreli",
                   "Anakapalle",
                   "Anand",
                   "Anantapur",
                   "Angul",
                   "Ariyalur",
                   "Arrah",
                   "Asansol",
                   "Auraiya",
                   "Aurangabad",
                   "Ayodhya",
                   "Bagalkot",
                   "Baghpat",
                   "Bahadurgarh",
                   "Balaghat",
                   "Balangir",
                   "Balasore",
                   "Ballari",
                   "Bally",
                   "Balurghat",
                   "Banda",
                   "Bangalore",
                   "Banswara",
                   "Barabanki",
                   "Baramulla",
                   "Baran",
                   "Bareilly",
                   "Baripada",
                   "Barmer",
                   "Barrackpore",
                   "Barwani",
                   "Basirhat",
                   "Bathinda",
                   "Beed",
                   "Begusarai",
                   "Belgaum",
                   "Bellary",
                   "Belur",
                   "Bengaluru",
                   "Berhampore",
                   "Berhampur",
                   "Bettiah",
                   "Betul",
                   "Bhadrak",
                   "Bhagalpur",
                   "Bhandara",
                   "Bharatpur",
                   "Bharuch",
                   "Bhavnagar",
                   "Bhilai",
                   "Bhilwara",
                   "Bhind",
                   "Bhiwani",
                   "Bhopal",
                   "Bhubaneswar",
                   "Bhuj",
                   "Bidar",
                   "Bijapur",
                   "Bijnor",
                   "Bikaner",
                   "Bilaspur",
                   "Bilaspur (CG)",
                   "Bokaro",
                   "Bongaigaon",
                   "Botad",
                   "Bulandshahr",
                   "Bundi",
                   "Burhanpur",
                   "Buxar",
                   "Chamba",
                   "Chandigarh",
                   "Chandrapur",
                   "Changanassery",
                   "Charkhi Dadri",
                   "Chengalpattu",
                   "Chennai",
                   "Chhatarpur",
                   "Chhindwara",
                   "Chikkamagaluru",
                   "Chikmagalur",
                   "Chikodi",
                   "Chirala",
                   "Chirkunda",
                   "Chittoor",
                   "Chittorgarh",
                   "Chodavaram",
                   "Coimbatore",
                   "Cooch Behar",
                   "Cuddalore",
                   "Cuttack",
                   "Daman",
                   "Dapoli",
                   "Darbhanga",
                   "Darjeeling",
                   "Darrang",
                   "Davangere",
                   "Dehgam",
                   "Dehradun",
                   "Delhi",
                   "Dewas",
                   "Dhanbad",
                   "Dhar",
                   "Dharamshala",
                   "Dharmapuri",
                   "Dharmavaram",
                   "Dharwad",
                   "Dhenkanal",
                   "Dholpur",
                   "Dhule",
                   "Dibrugarh",
                   "Dimapur",
                   "Dindigul",
                   "Diu",
                   "Doda",
                   "Domariaganj",
                   "Dungarpur",
                   "Durg",
                   "Durgapur",
                   "Eluru",
                   "Erode",
                   "Etah",
                   "Etawah",
                   "Faizabad",
                   "Faridabad",
                   "Farrukhabad",
                   "Fatehabad",
                   "Fatehpur",
                   "Firozabad",
                   "Firozpur",
                   "Gadag",
                   "Gandhidham",
                   "Gandhinagar",
                   "Gangtok",
                   "Gaya",
                   "Ghaziabad",
                   "Giridih",
                   "Goa",
                   "Goalpara",
                   "Godda",
                   "Gokak",
                   "Gonda",
                   "Gondia",
                   "Gorakhpur",
                   "Gulbarga",
                   "Guna",
                   "Guntur",
                   "Gurgaon",
                   "Gurugram",
                   "Guwahati",
                   "Gwalior",
                   "Haldia",
                   "Haldwani",
                   "Halol",
                   "Hamirpur",
                   "Hanumangarh",
                   "Haridwar",
                   "Hassan",
                   "Hathras",
                   "Hazaribagh",
                   "Himmatnagar",
                   "Hisar",
                   "Hosur",
                   "Howrah",
                   "Hubli",
                   "Hyderabad",
                   "Imphal",
                   "Indore",
                   "Itanagar",
                   "Jabalpur",
                   "Jagdalpur",
                   "Jaipur",
                   "Jalandhar",
                   "Jalgaon",
                   "Jalna",
                   "Jalpaiguri",
                   "Jammu",
                   "Jamnagar",
                   "Jamshedpur",
                   "Jangareddygudem",
                   "Jaunpur",
                   "Jehanabad",
                   "Jhajjar",
                   "Jhalawar",
                   "Jhansi",
                   "Jharsuguda",
                   "Jind",
                   "Jodhpur",
                   "Joginder Nagar",
                   "Jorhat",
                   "Junagadh",
                   "Kadapa",
                   "Kadiri",
                   "Kaithal",
                   "Kakinada",
                   "Kalaburagi",
                   "Kalol",
                   "Kalyani",
                   "Kamarhati",
                   "Kamrup",
                   "Kanchipuram",
                   "Kanker",
                   "Kannauj",
                   "Kannur",
                   "Kanpur",
                   "Kanyakumari",
                   "Kapurthala",
                   "Karad",
                   "Karaikudi",
                   "Karauli",
                   "Karimnagar",
                   "Karnal",
                   "Karur",
                   "Kasganj",
                   "Kathua",
                   "Katihar",
                   "Kavali",
                   "Kawardha",
                   "Kendrapara",
                   "Khagaria",
                   "Khammam",
                   "Khandwa",
                   "Khanna",
                   "Kharagpur",
                   "Kheda",
                   "Kishanganj",
                   "Kochi",
                   "Kodaikanal",
                   "Kohima",
                   "Kolar",
                   "Kolhapur",
                   "Kolkata",
                   "Kollam",
                   "Korba",
                   "Kota",
                   "Kotdwar",
                   "Kottayam",
                   "Kozhencherry",
                   "Kozhikode",
                   "Krishnagiri",
                   "Kullu",
                   "Kumbakonam",
                   "Kurnool",
                   "Kurukshetra",
                   "Lakhimpur",
                   "Lalitpur",
                   "Latur",
                   "Leh",
                   "Lohardaga",
                   "Lucknow",
                   "Ludhiana",
                   "Machilipatnam",
                   "Madurai",
                   "Mahbubnagar",
                   "Maheshtala",
                   "Mainpuri",
                   "Malappuram",
                   "Malda",
                   "Malegaon",
                   "Mamdapur",
                   "Mandya",
                   "Mangalore",
                   "Mangaluru",
                   "Mango",
                   "Manjeri",
                   "Mansa",
                   "Mapusa",
                   "Margao",
                   "Mathura",
                   "Medininagar",
                   "Meerut",
                   "Mhow",
                   "Midnapore",
                   "Mira-Bhayandar",
                   "Mirzapur",
                   "Modinagar",
                   "Moga",
                   "Mughalsarai",
                   "Muktsar",
                   "Mumbai",
                   "Munger",
                   "Murshidabad",
                   "Muzaffarnagar",
                   "Muzaffarpur",
                   "Mysore",
                   "Nabadwip",
                   "Nadiad",
                   "Nagaon",
                   "Nagapattinam",
                   "Nagaur",
                   "Nagpur",
                   "Nainital",
                   "Nanded",
                   "Nandurbar",
                   "Nandyal",
                   "Nashik",
                   "Navsari",
                   "Nellore",
                   "Nizamabad",
                   "Noida",
                   "Ongole",
                   "Ooty",
                   "Palakkad",
                   "Palamu",
                   "Pali",
                   "Panaji",
                   "Panipat",
                   "Parbhani",
                   "Patan",
                   "Pathankot",
                   "Patiala",
                   "Patna",
                   "Pauri",
                   "Puducherry",
                   "Pune",
                   "Puri",
                   "Raebareli",
                   "Raichur",
                   "Raipur",
                   "Rajahmundry",
                   "Rajkot",
                   "Rajnandgaon",
                   "Ramagundam",
                   "Ramgarh",
                   "Ranchi",
                   "Ranipettai",
                   "Ratlam",
                   "Ratnagiri",
                   "Reasi",
                   "Rewa",
                   "Rewari",
                   "Rishikesh",
                   "Rohtak",
                   "Roorkee",
                   "Rourkela",
                   "Sagar",
                   "Saharanpur",
                   "Salem",
                   "Samastipur",
                   "Sambalpur",
                   "Sambhal",
                   "Sangli",
                   "Sangrur",
                   "Satara",
                   "Satna",
                   "Secunderabad",
                   "Sehore",
                   "Shimla",
                   "Shimoga",
                   "Shirdi",
                   "Shivamogga",
                   "Sikar",
                   "Silchar",
                   "Siliguri",
                   "Simdega",
                   "Sindhudurg",
                   "Sirohi",
                   "Sitapur",
                   "Siwan",
                   "Solan",
                   "Solapur",
                   "Sonipat",
                   "Sopore",
                   "Srinagar",
                   "Sultanpur",
                   "Surat",
                   "Tadepalligudem",
                   "Tamluk",
                   "Tanda",
                   "Tehri",
                   "Tezpur",
                   "Thane",
                   "Thanjavur",
                   "Thiruvananthapuram",
                   "Thoothukudi",
                   "Thrissur",
                   "Tinsukia",
                   "Tiruchirappalli",
                   "Tirunelveli",
                   "Tirupati",
                   "Tirupur",
                   "Tiruvannamalai",
                   "Titagarh",
                   "Tumkur",
                   "Tuticorin",
                   "Udaipur",
                   "Udgir",
                   "Udupi",
                   "Ujjain",
                   "Ulhasnagar",
                   "Una",
                   "Unnao",
                   "Vadodara",
                   "Valsad",
                   "Varanasi",
                   "Vasai-Virar",
                   "Vellore",
                   "Vidisha",
                   "Vijayawada",
                   "Villupuram",
                   "Virudhunagar",
                   "Visakhapatnam",
                   "Vizianagaram",
                   "Warangal",
                   "Wardha",
                   "Wayanad",
                   "Yamunanagar",
                   "Yavatmal"
               ],
    "states":  {

               }
}
